Model,Train_R2,Val_R2,Test_R2,Train-Val_Gap,Val-Test_Gap
LSTM,0.7426381322482091,0.3825317564836199,-0.1216423686018433,0.36010637576458915,0.5041741250854632
GRU,0.8417864168851035,0.5903087821904046,-0.7587640562037459,0.25147763469469886,1.3490728383941506
XGBoost,0.8785210888350085,0.19928911165288576,0.18988819046235417,0.6792319771821227,0.009400921190531597
Random Forest,0.9476823610984255,0.18576313554238755,0.20405538082846542,0.761919225556038,-0.01829224528607787
