Model,Train_MSE,Train_RMSE,Train_MAE,Train_R2,Val_MSE,Val_RMSE,Val_MAE,Val_R2,Test_MSE,Test_RMSE,Test_MAE,Test_R2
LSTM,0.0018877608419536655,0.04344836984230439,0.03446839418142502,0.9152779687335175,0.007382564407167568,0.08592185058044065,0.05718426660317341,0.7472803264961022,0.045203628544458405,0.2126114497021701,0.1576902129215577,-0.27057442533905207
GRU,0.0025001668924164535,0.050001668896312385,0.03846275404245457,0.8877934042685636,0.008652177568866269,0.0930170821347685,0.07778379623584819,0.7038189753984762,0.02643312592859009,0.16258267413408506,0.13984721350155327,0.2570230561557335
