Model,Train_MSE,Train_RMSE,Train_MAE,Train_R2,Val_MSE,Val_RMSE,Val_MAE,Val_R2,Test_MSE,Test_RMSE,Test_MAE,Test_R2
LSTM,0.001503212034062575,0.03877127846824986,0.031092423277838212,0.9325990089897862,0.006615165282842798,0.08133366635559225,0.06894458474833912,0.774908821661597,0.03663359054333287,0.191399034854758,0.1496796617145758,-0.030499744797523487
GRU,0.002419079039763614,0.04918413402474028,0.03906365470641666,0.8915333825718184,0.01083851611835351,0.10410819429013986,0.08622303842435926,0.6312028104804133,0.03566521196404173,0.18885235493379937,0.15979743573728325,-0.0032593388196682227
