Model,Train_MSE,Train_RMSE,Train_MAE,Train_R2,Val_MSE,Val_RMSE,Val_MAE,Val_R2,Test_MSE,Test_RMSE,Test_MAE,Test_R2
LSTM,0.005438386057151597,0.07374541380419257,0.0549102142016606,0.7426381322482091,0.02408472537241785,0.15519254290209258,0.11269181142468704,0.3825317564836199,0.03990502561585429,0.1997624229324782,0.15326096732017871,-0.1216423686018433
GRU,0.0033432557510573975,0.05782089372413226,0.043906551710666174,0.8417864168851035,0.015980255781646156,0.12641303643867652,0.09026306256085116,0.5903087821904046,0.06257210558347566,0.2501441695972058,0.2174317504880808,-0.7587640562037459
