Model,CV_R2_Mean,CV_R2_Std,Test_R2,Test_RMSE,Test_MAE
ridge,0.9309104856506023,0.006213616750243198,0.9272673792992179,9.860468699448042,7.8730105192981386
rf,0.9387452946148235,0.006006527286866777,0.9495494012768444,8.212324524613951,6.40662389728197
gbdt,0.9565417158539482,0.005701260479572477,0.9587678490867891,7.42422176592966,5.851751711062584
svr,0.938605598372417,0.008748854392024632,0.9487554265258654,8.276693674826243,6.1933108085408755
stacking,0.9652739348084305,0.005067463846925405,0.967032253613162,6.6386163461825145,5.210951995970292
