,T_reactor,T_reactor,P_reactor,P_reactor,F_feed,F_feed,C_coolant,C_coolant,Reflux_ratio,Reflux_ratio,Energy_kW,Energy_kW
,mean,std,mean,std,mean,std,mean,std,mean,std,mean,std
cluster_kmeans,,,,,,,,,,,,
0,186.97117378305515,4.973117710730065,10.340896366157077,0.47584330824949816,107.26763489054383,6.008695661052835,26.38106189294402,1.4116943704975948,1.9822189372749544,0.23950028895551098,867.7358703064144,37.68493450437354
1,177.16411480096247,4.011575109400873,9.714882650434303,0.44589215346599165,97.0037117522742,5.5841076397242375,24.379074806752133,0.9600975542246944,1.6625370649262359,0.2112644163935995,779.0943057672808,24.938743966154373
