{
    "n_steps": 50,
    "n_features": 10,
    "feature_names": [
        "PT_8313B.AV_0#",
        "PT_8313C.AV_0#",
        "PT_8313D.AV_0#",
        "PT_8313E.AV_0#",
        "PT_8313F.AV_0#",
        "PTCA_8322A.AV_0#",
        "PTCA_8324.AV_0#",
        "TE_8319A.AV_0#",
        "TE_8319B.AV_0#",
        "TE_8313B.AV_0#"
    ],
    "target_name": "PT_8313A.AV_0#",
    "lstm_units": 64,
    "gru_units": 64,
    "metrics": {
        "LSTM": {
            "MAE": 8.65502388775772,
            "MSE": 127.25685777130207,
            "RMSE": 11.28081813395208,
            "R2": 0.9540121571021665,
            "MAPE": 9.04659096799519
        },
        "GRU": {
            "MAE": 8.64605114793969,
            "MSE": 126.39833246343885,
            "RMSE": 11.242701297439101,
            "R2": 0.9543224093563341,
            "MAPE": 8.81840321940795
        }
    }
}