Degree,Train_R2,Test_R2,Train_RMSE,Test_RMSE,Train_MAE,Test_MAE
1,0.37047429113240404,-2.834308438114662,3.8274977463633095,7.113711744247029,3.291213414996354,5.06272096596923
2,0.9172280787067705,0.6446307642675491,1.3878729979814286,2.165671865405818,1.1813817745050952,1.9907011874286173
3,0.9365953811489962,0.6278149656220327,1.2146989508566939,2.2163186116680023,0.9920060890880202,2.03532589784646
4,0.9366347384433727,0.618105091219173,1.2143218909024205,2.245043057685416,0.9858448395755133,2.0540809270933402
5,0.9471162843589259,-0.20839407825951595,1.1093515358274266,3.993530766394033,0.8461603379405024,3.4705906797742165
