Temperature (°C),Predicted Yield (%)
170,88.75439336834086
185,91.62787588414524
195,92.00605424109402
200,91.77967247779067
205,91.2966532218793
215,89.62173163796379
230,85.56600185335125
