{
  "loss": [
    1.708060383796692,
    1.1080379486083984,
    0.7446399927139282,
    0.43098679184913635,
    0.3014804720878601,
    0.25047966837882996,
    0.23272064328193665,
    0.20014381408691406,
    0.2113848179578781,
    0.16468845307826996,
    0.15862955152988434,
    0.14705641567707062,
    0.13429275155067444,
    0.12371087819337845,
    0.07527128607034683,
    0.0675911083817482,
    0.08630792051553726,
    0.06275740265846252,
    0.04872479289770126,
    0.05099665746092796,
    0.043505508452653885,
    0.05017832666635513,
    0.043813467025756836,
    0.03965708985924721,
    0.0401977077126503,
    0.04027796536684036,
    0.03601973503828049,
    0.031118221580982208,
    0.02634170651435852,
    0.03617081791162491
  ],
  "accuracy": [
    0.21736110746860504,
    0.5666666626930237,
    0.737500011920929,
    0.862500011920929,
    0.9048610925674438,
    0.9243055582046509,
    0.9173611402511597,
    0.9395833611488342,
    0.9319444298744202,
    0.949305534362793,
    0.949999988079071,
    0.9506944417953491,
    0.9597222208976746,
    0.9590277671813965,
    0.9791666865348816,
    0.9826388955116272,
    0.9694444537162781,
    0.9777777791023254,
    0.9888888597488403,
    0.9840278029441833,
    0.987500011920929,
    0.9868055582046509,
    0.987500011920929,
    0.9902777671813965,
    0.987500011920929,
    0.9861111044883728,
    0.9930555820465088,
    0.9930555820465088,
    0.9944444298744202,
    0.9909722208976746
  ],
  "val_loss": [
    1.453895926475525,
    0.8930014967918396,
    0.7116773128509521,
    0.4053311347961426,
    0.4187007546424866,
    0.2603924870491028,
    0.3764466643333435,
    0.1847568303346634,
    0.21863147616386414,
    0.26825976371765137,
    0.17125476896762848,
    0.38181304931640625,
    0.2818112373352051,
    0.23160101473331451,
    0.09490178525447845,
    0.1316290944814682,
    0.32374700903892517,
    0.15830522775650024,
    0.09860090911388397,
    0.07842864841222763,
    0.09701479971408844,
    0.07286331057548523,
    0.07280045747756958,
    0.1169530525803566,
    0.09549790620803833,
    0.0952669009566307,
    0.12194103747606277,
    0.08120620250701904,
    0.0838397890329361,
    0.10348588228225708
  ],
  "val_accuracy": [
    0.4611110985279083,
    0.6777777671813965,
    0.8055555820465088,
    0.875,
    0.8500000238418579,
    0.9083333611488342,
    0.8722222447395325,
    0.925000011920929,
    0.9111111164093018,
    0.894444465637207,
    0.9333333373069763,
    0.8638888597488403,
    0.8888888955116272,
    0.9055555462837219,
    0.9555555582046509,
    0.9305555820465088,
    0.875,
    0.9055555462837219,
    0.9444444179534912,
    0.9694444537162781,
    0.949999988079071,
    0.9777777791023254,
    0.9611111283302307,
    0.9444444179534912,
    0.9583333134651184,
    0.9583333134651184,
    0.9416666626930237,
    0.9666666388511658,
    0.9638888835906982,
    0.9555555582046509
  ],
  "lr": [
    0.0010000000474974513,
    0.0010000000474974513,
    0.0010000000474974513,
    0.0010000000474974513,
    0.0010000000474974513,
    0.0010000000474974513,
    0.0010000000474974513,
    0.0010000000474974513,
    0.0010000000474974513,
    0.0010000000474974513,
    0.0010000000474974513,
    0.0010000000474974513,
    0.0010000000474974513,
    0.0010000000474974513,
    0.0005000000237487257,
    0.0005000000237487257,
    0.0005000000237487257,
    0.0005000000237487257,
    0.0002500000118743628,
    0.0002500000118743628,
    0.0002500000118743628,
    0.0002500000118743628,
    0.0002500000118743628,
    0.0002500000118743628,
    0.0002500000118743628,
    0.0001250000059371814,
    0.0001250000059371814,
    0.0001250000059371814,
    6.25000029685907e-05,
    6.25000029685907e-05
  ]
}