{"train_mae":{"Ridge":0.4987898767,"DNN":0.4536405206},"train_rmse":{"Ridge":0.6474117637,"DNN":0.5891278982},"train_r2":{"Ridge":0.3578231335,"DNN":0.4682436585},"valid_mae":{"Ridge":0.5266926885,"DNN":0.5158480406},"valid_rmse":{"Ridge":0.6752659082,"DNN":0.6742184758},"valid_r2":{"Ridge":0.3302388787,"DNN":0.3323149681},"test_mae":{"Ridge":0.4822307527,"DNN":0.4681016803},"test_rmse":{"Ridge":0.6184564829,"DNN":0.6103264093},"test_r2":{"Ridge":0.372523427,"DNN":0.3889123201},"all_mae":{"Ridge":0.5004924536,"DNN":0.4651480615},"all_rmse":{"Ridge":0.6474336386,"DNN":0.6058242321},"all_r2":{"Ridge":0.3568646908,"DNN":0.4368745685}}