{
    "Model_Comparison": {
        "Training": {
            "Random Forest": {
                "MAE": 0.2746574190758586,
                "RMSE": 0.37454808700784464,
                "R2": 0.8888859146869386
            },
            "DNN": {
                "MAE": 0.18532138710218335,
                "RMSE": 0.25797944212901375,
                "R2": 0.9472862214793754
            }
        },
        "Validation": {
            "Random Forest": {
                "MAE": 0.5251703336826807,
                "RMSE": 0.7134320224297851,
                "R2": 0.6071820749785377
            },
            "DNN": {
                "MAE": 0.309593052571051,
                "RMSE": 0.45930924685538704,
                "R2": 0.8371842263371118
            }
        },
        "Test": {
            "Random Forest": {
                "MAE": 0.5174829616673278,
                "RMSE": 0.7089961468804299,
                "R2": 0.6004147118598582
            },
            "DNN": {
                "MAE": 0.3204593663833186,
                "RMSE": 0.480668828138097,
                "R2": 0.8163403901760323
            }
        },
        "All_Data": {
            "Random Forest": {
                "MAE": 0.3486600386549396,
                "RMSE": 0.49995235083858464,
                "R2": 0.8027003971982203
            },
            "DNN": {
                "MAE": 0.22423411188129183,
                "RMSE": 0.3359913200983107,
                "R2": 0.9108902762143535
            }
        }
    },
    "Test_Set_Improvement": {
        "MAE_improvement_percent": 38.07344586751224,
        "RMSE_improvement_percent": 32.20431024159566,
        "R2_difference": 0.21592567831617415
    },
    "Comparison_DataFrame": [
        {
            "Dataset": "Training",
            "Model": "Random Forest",
            "MAE": 0.2746574190758586,
            "RMSE": 0.37454808700784464,
            "R²": 0.8888859146869386
        },
        {
            "Dataset": "Training",
            "Model": "DNN",
            "MAE": 0.18532138710218335,
            "RMSE": 0.25797944212901375,
            "R²": 0.9472862214793754
        },
        {
            "Dataset": "Validation",
            "Model": "Random Forest",
            "MAE": 0.5251703336826807,
            "RMSE": 0.7134320224297851,
            "R²": 0.6071820749785377
        },
        {
            "Dataset": "Validation",
            "Model": "DNN",
            "MAE": 0.309593052571051,
            "RMSE": 0.45930924685538704,
            "R²": 0.8371842263371118
        },
        {
            "Dataset": "Test",
            "Model": "Random Forest",
            "MAE": 0.5174829616673278,
            "RMSE": 0.7089961468804299,
            "R²": 0.6004147118598582
        },
        {
            "Dataset": "Test",
            "Model": "DNN",
            "MAE": 0.3204593663833186,
            "RMSE": 0.480668828138097,
            "R²": 0.8163403901760323
        },
        {
            "Dataset": "All Data",
            "Model": "Random Forest",
            "MAE": 0.3486600386549396,
            "RMSE": 0.49995235083858464,
            "R²": 0.8027003971982203
        },
        {
            "Dataset": "All Data",
            "Model": "DNN",
            "MAE": 0.22423411188129183,
            "RMSE": 0.3359913200983107,
            "R²": 0.9108902762143535
        }
    ]
}