Feature,Importance
Temperature,0.2883543373010091
Catalyst,0.18917034743604538
Pressure,0.1839084126305286
Ratio,0.17042962457910216
Time,0.16813727805331471
