bin_lo,bin_hi,n,acc,avg_conf
0.2,0.30000000000000004,2,0.0,0.2838132489859243
0.30000000000000004,0.4,42,0.5238095238095238,0.36251713912091166
0.4,0.5,104,0.5288461538461539,0.4483586977537009
0.5,0.6000000000000001,61,0.7377049180327869,0.5455338509185178
0.6000000000000001,0.7000000000000001,65,0.5692307692307692,0.6464523370321413
0.7000000000000001,0.8,47,0.5106382978723404,0.7513838420926283
0.8,0.9,26,0.8076923076923077,0.8465141078776797
0.9,1.0,13,0.7692307692307693,0.9359345158432709
