Feature,Importance
Temperature,0.4139706669475314
Pressure,0.35680698194244503
Catalyst,0.2292223511100236
