模型,訓練 R²,測試 R²,RMSE,MAE,訓練時間 (s)
隨機森林 (300 trees),0.8670540268364502,0.721558809644849,3.575491284159174,2.97772395404957,0.4791743755340576
梯度提升樹 (最佳參數),0.8411394696527051,0.7693894249777503,3.2539328938266965,2.680133991173737,0.34235692024230957
