{"train_mae":{"Ridge":0.4987898767,"DNN":0.4733353257},"train_rmse":{"Ridge":0.6474117531,"DNN":0.6032282074},"train_r2":{"Ridge":0.3578231335,"DNN":0.4424846768},"valid_mae":{"Ridge":0.5266926885,"DNN":0.5263572931},"valid_rmse":{"Ridge":0.6752659371,"DNN":0.6736380931},"valid_r2":{"Ridge":0.3302387595,"DNN":0.3334640265},"test_mae":{"Ridge":0.4822308123,"DNN":0.4932969511},"test_rmse":{"Ridge":0.6184564896,"DNN":0.6299755649},"test_r2":{"Ridge":0.3725233674,"DNN":0.348931551},"all_mae":{"Ridge":0.5004924536,"DNN":0.4842888117},"all_rmse":{"Ridge":0.6474336184,"DNN":0.61832644},"all_r2":{"Ridge":0.3568646908,"DNN":0.413392663}}