Feature,Importance
Temperature,0.4613784545378642
Catalyst,0.16163285390215684
Pressure,0.13862663504488654
Ratio,0.12012801181994334
Time,0.11823404469514905
