{
  "loss": [
    1.6163140535354614,
    0.8626684546470642,
    0.45561498403549194,
    0.2960388958454132,
    0.3144451081752777,
    0.24799998104572296,
    0.2176767736673355,
    0.1761220246553421,
    0.1502755880355835,
    0.136946901679039,
    0.1403057873249054,
    0.10078572481870651,
    0.10184463858604431,
    0.09129639714956284,
    0.10330965369939804,
    0.0750829353928566,
    0.0619816929101944,
    0.06316697597503662,
    0.06653136014938354,
    0.05935579538345337,
    0.05394560098648071,
    0.05495362728834152,
    0.04589831084012985,
    0.04881574213504791,
    0.04763632267713547,
    0.044839393347501755,
    0.039497438818216324,
    0.04023890942335129,
    0.04173821955919266,
    0.03796825930476189
  ],
  "accuracy": [
    0.27916666865348816,
    0.675694465637207,
    0.8527777791023254,
    0.9076389074325562,
    0.8993055820465088,
    0.9208333492279053,
    0.9215278029441833,
    0.9479166865348816,
    0.9513888955116272,
    0.956944465637207,
    0.9541666507720947,
    0.9777777791023254,
    0.96875,
    0.9743055701255798,
    0.9673610925674438,
    0.9791666865348816,
    0.9826388955116272,
    0.9770833253860474,
    0.9791666865348816,
    0.980555534362793,
    0.981249988079071,
    0.9826388955116272,
    0.9895833134651184,
    0.9861111044883728,
    0.988194465637207,
    0.9895833134651184,
    0.9916666746139526,
    0.9895833134651184,
    0.9923611283302307,
    0.9916666746139526
  ],
  "val_loss": [
    1.4359487295150757,
    0.7997328042984009,
    0.8020597696304321,
    0.3939714729785919,
    0.4748386740684509,
    0.35873451828956604,
    0.8150243163108826,
    0.4456053376197815,
    0.4941197335720062,
    0.472004771232605,
    0.2109096348285675,
    0.28007766604423523,
    0.19762857258319855,
    0.3575507402420044,
    0.2078579217195511,
    0.30500853061676025,
    0.1971277892589569,
    0.17334379255771637,
    0.2767087519168854,
    0.25245654582977295,
    0.22277656197547913,
    0.18275761604309082,
    0.17725752294063568,
    0.24690106511116028,
    0.17305347323417664,
    0.23450270295143127,
    0.22709624469280243,
    0.221221461892128,
    0.23509438335895538,
    0.20108620822429657
  ],
  "val_accuracy": [
    0.3166666626930237,
    0.6861110925674438,
    0.7638888955116272,
    0.8666666746139526,
    0.8138889074325562,
    0.8861111402511597,
    0.7333333492279053,
    0.8611111044883728,
    0.8472222089767456,
    0.8666666746139526,
    0.9083333611488342,
    0.8916666507720947,
    0.9166666865348816,
    0.8833333253860474,
    0.9083333611488342,
    0.894444465637207,
    0.9305555820465088,
    0.9555555582046509,
    0.9277777671813965,
    0.9388889074325562,
    0.9555555582046509,
    0.9583333134651184,
    0.9527778029441833,
    0.9527778029441833,
    0.9527778029441833,
    0.9388889074325562,
    0.9444444179534912,
    0.9444444179534912,
    0.9416666626930237,
    0.9472222328186035
  ],
  "lr": [
    0.0010000000474974513,
    0.0010000000474974513,
    0.0010000000474974513,
    0.0010000000474974513,
    0.0010000000474974513,
    0.0010000000474974513,
    0.0010000000474974513,
    0.0010000000474974513,
    0.0010000000474974513,
    0.0005000000237487257,
    0.0005000000237487257,
    0.0005000000237487257,
    0.0005000000237487257,
    0.0005000000237487257,
    0.0005000000237487257,
    0.0005000000237487257,
    0.0002500000118743628,
    0.0002500000118743628,
    0.0002500000118743628,
    0.0002500000118743628,
    0.0002500000118743628,
    0.0001250000059371814,
    0.0001250000059371814,
    0.0001250000059371814,
    0.0001250000059371814,
    6.25000029685907e-05,
    6.25000029685907e-05,
    6.25000029685907e-05,
    3.125000148429535e-05,
    3.125000148429535e-05
  ]
}