Model,CV_F1_Mean,CV_F1_Std,Test_Accuracy,Test_Precision,Test_Recall,Test_F1,Test_ROC_AUC
lr,0.8292638026077533,0.025490128673507202,0.74,0.9354838709677419,0.725,0.8169014084507042,0.85671875
rf,0.9177813239416374,0.009755385598227686,0.86,0.888235294117647,0.94375,0.9151515151515152,0.91953125
gbdt,0.9218376890234161,0.018616440763695473,0.875,0.9041916167664671,0.94375,0.9235474006116208,0.90796875
svc,0.9120927448453091,0.01800484189273694,0.83,0.92,0.8625,0.8903225806451613,0.9098437500000001
STACKING,0.9030940391153184,0.01957504632255343,0.84,0.9444444444444444,0.85,0.8947368421052632,0.91609375
