{
  "backend": "sklearn-mlp",
  "n_train": 3085,
  "n_valid": 661,
  "n_test": 662,
  "lv_caps": {
    "L": 22500.0,
    "V": 22650.0
  },
  "ridge": {
    "mae": 0.004794829059392214,
    "rmse": 0.00703720174701871,
    "r2": 0.9921614527702332
  },
  "dnn": {
    "mae": 0.0019420292228460312,
    "rmse": 0.0033738052332367907,
    "r2": 0.9981983304023743
  }
}