{
  "backend": "tensorflow/keras",
  "n_train": 3085,
  "n_valid": 661,
  "n_test": 662,
  "lv_caps": {
    "L": 22500.0,
    "V": 22650.0
  },
  "ridge": {
    "mae": 0.004794972948729992,
    "rmse": 0.007037196774035692,
    "r2": 0.9921614527702332
  },
  "dnn": {
    "mae": 0.0018374683568254113,
    "rmse": 0.0032550711184740067,
    "r2": 0.9983229041099548
  }
}