SolventID,Solubility,BoilingPoint,Viscosity,Toxicity,Cost,PerformanceIndex,EconomicIndex,SafetyIndex,CompositeScore
S064,77.73949070366722,95.0943921382166,0.45109647017482385,2,1.8390351902330515,86.16725672175957,42.27188860579426,24.161897777850307,0.6843935257312919
S069,85.7946584434338,101.6235293098685,0.21938121184612164,4,1.6471713421937044,97.76892209850209,52.08605580107555,8.802182100421668,0.5742976051259882
S058,78.08807384256147,79.00880302029024,0.43511627182705687,2,2.8577928912789097,89.7324219968481,27.324609169846372,19.133011022857886,0.5705363434913913
S067,89.00733750099505,63.05439718013573,0.2,4,4.502119372760454,111.25917187624381,19.77009717679267,6.1908460665285965,0.4655781685636699
S052,100.27533312376104,55.58686343175256,0.47664841469118807,3,2.1093556617672773,70.1252957337731,47.53837152324874,11.715823821507714,0.46548050592599444
