Model,Accuracy,Training Time (s)
Random Forest,0.9466666666666667,0.2136976718902588
Gradient Boosting,0.94,0.32346010208129883
Decision Tree,0.9366666666666666,0.003999948501586914
Gaussian NB,0.83,0.0010035037994384766
