Feature,Importance
cos_day,0.97850543
sin_day,0.5566508
MUFL,0.29173788
HULL,0.27985635
OT,0.27130127
cos_year,0.002319336
cos_week,-0.0014648438
sin_year,-0.0039367676
sin_week,-0.02629598
LULL,-0.032613117
HUFL,-0.20133464
MULL,-0.20324707
LUFL,-0.22541301
