Model,RMSE_test,MAE_test,R2_test
Persistence,0.6629121899604797,0.4443666636943817,0.9630176424980164
Ridge-window,0.6820300221443176,0.4703906774520874,0.9608538150787354
Ridge-current,0.6859212517738342,0.47454938292503357,0.9604058861732483
ARIMA,4.546699054286861,3.764112445703472,-0.7397012312197324
Exp.Smoothing,7.240733792037518,6.109272839470531,-3.4121209972531847
