Model,RMSE_test,MAE_test,R2_test
Persistence,0.6629121899604797,0.4443666636943817,0.9630176424980164
LSTM,0.6662741899490356,0.45462554693222046,0.9626415967941284
Ridge-window,0.6820300221443176,0.4703906774520874,0.9608538150787354
Ridge-current,0.6859212517738342,0.47454938292503357,0.9604058861732483
GRU,0.6889098286628723,0.4788406193256378,0.9600601196289062
