Model,RMSE_test,MAE_test,R2_test
LSTM+Attention,0.07726389169692993,0.049877945333719254,0.9486775994300842
Bi-LSTM,0.07792241126298904,0.0502864271402359,0.947799026966095
Persistence,0.0814284086227417,0.053444523364305496,0.9429959654808044
LSTM,0.08173070847988129,0.05423695966601372,0.9425719380378723
GRU,0.08272558450698853,0.05563828721642494,0.9411653280258179
Ridge-window,0.08339067548513412,0.05626470968127251,0.9402154684066772
Ridge-current,0.08434455096721649,0.057194676250219345,0.9388399720191956
