Period,Count,MAE,RMSE,R2
Weekday,7380,0.4242046,0.64859825,0.9518884420394897
Weekend,3072,0.43637857,0.6825356,0.9244170784950256
00:00-06:00,2616,0.3437563,0.5579035,0.9519041776657104
06:00-12:00,2616,0.48247942,0.7146863,0.9302753210067749
12:00-18:00,2616,0.47199532,0.6928809,0.9499381184577942
18:00-24:00,2604,0.41283122,0.65856767,0.9440863728523254
