Model,Accuracy,Precision,Recall,F1-Score,Train Time (s),Predict Time (s)
Gradient Boosting,1.0,1.0,1.0,1.0,37.70118737220764,0.022508621215820312
Random Forest,0.9987285441830897,0.998731344746563,0.9987285441830897,0.9987285441830897,0.401583194732666,0.0930635929107666
Decision Tree,0.9942784488239034,0.9942811877541098,0.9942784488239034,0.9942784334022235,0.053105831146240234,0.0
Gaussian Naive Bayes,0.9243483788938335,0.9264697009068625,0.9243483788938335,0.9234940938080038,0.004507541656494141,0.001001119613647461
Support Vector Machine,0.8467895740623014,0.8482050156353366,0.8467895740623014,0.8458714094136202,0.4577929973602295,0.35710740089416504
Logistic Regression,0.6166560712015258,0.610711073345779,0.6166560712015258,0.6095811840542528,0.37727856636047363,0.0
