{
  "backend": "tensorflow/keras",
  "n_train": 3085,
  "n_valid": 661,
  "n_test": 662,
  "lv_caps": {
    "L": 22500.0,
    "V": 22650.0
  },
  "ridge": {
    "mae": 0.004794832319021225,
    "rmse": 0.0070372162219912195,
    "r2": 0.9921614527702332
  },
  "dnn": {
    "mae": 0.002048927592113614,
    "rmse": 0.004246150475915341,
    "r2": 0.9971461892127991
  }
}