Feature,Importance
Temperature,0.6323478171575917
Pressure,0.3392265826527335
Catalyst,0.02842560018967483
