Model,Max Depth,Leaf Nodes,Train R²,Test R²,Train RMSE,Test RMSE
Unrestricted Tree,11,68,1.0,0.9012505133357891,0.0,1.918326381000109
Controlled Tree,4,11,0.9019387603922134,0.7977039773507657,1.7310623355741335,2.74567258908176
