decision,count,ratio
review,235,0.6527777777777778
fail,99,0.275
pass,26,0.07222222222222222
