Model,MAE,MSE,RMSE,R²,Parameters,MAE_Improvement(%),RMSE_Improvement(%)
SimpleRNN,0.5765467401892259,0.8540578430805439,0.9241524999049366,0.9399590281545998,8449,0.0,0.0
LSTM,0.363913523968403,0.3756973616944927,0.6129415646654196,0.9735881651358328,122689,36.88048191045803,33.675279271714345
GRU,0.40780322321677726,0.4892151558886874,0.6994391724007796,0.965607770434952,93121,29.267968268637865,24.315611062814018
