Solvent_Content,BYK333_Dosage,Tego270_Dosage,predicted_gloss,predicted_adhesion,predicted_drying,predicted_voc
44.429097039125196,1.8232029320207552,1.0075162486973464,87.65308333333346,3.9266514790764777,1.7912580555555548,122.79365086580104
