Model,Accuracy,Precision,Recall,F1-Score,AUC,Training Time (s)
Gradient Boosting,0.6783536585365854,0.6036866359447005,0.51171875,0.5539112050739958,0.74904296875,1.4330408573150635
Random Forest,0.6661585365853658,0.5989304812834224,0.4375,0.5056433408577878,0.7278613281250002,0.27800583839416504
Gaussian NB,0.6371951219512195,0.5737704918032787,0.2734375,0.37037037037037035,0.6462207031249999,0.0015604496002197266
Decision Tree,0.6280487804878049,0.5205479452054794,0.59375,0.5547445255474452,0.6222802734374999,0.03078627586364746
SVC,0.6097560975609756,0.5,0.53125,0.5151515151515151,0.6359765625000001,2.4782285690307617
Logistic Regression,0.5838414634146342,0.473015873015873,0.58203125,0.521891418563923,0.631337890625,0.0225677490234375
