Model,Accuracy,AUC,F1-Score,Accuracy_Gain,AUC_Gain
Baseline GB,0.6783536585365854,0.74904296875,0.5539112050739958,0.0,0.0
GB + Tuning,0.6996951219512195,0.764892578125,0.5835095137420718,2.1341463414634165,1.5849609375000018
GB + SMOTE + Tuning,0.7057926829268293,0.76150390625,0.6445672191528545,2.7439024390243927,1.2460937499999991
RF + SMOTE + Tuning,0.6722560975609756,0.7300292968750001,0.5825242718446602,-0.6097560975609762,-1.9013671874999916
GB + Feature Engineering,0.7073170731707317,0.7500781250000002,0.5914893617021276,2.896341463414631,0.10351562500001688
Voting Classifier,0.6996951219512195,0.764892578125,0.5835095137420718,2.1341463414634165,1.5849609375000018
