{
    "Model_Comparison": {
        "Training": {
            "Random Forest": {
                "MAE": 0.2726904299218687,
                "RMSE": 0.371373398926762,
                "R2": 0.8910410829455817
            },
            "DNN": {
                "MAE": 0.17016232952010263,
                "RMSE": 0.2318492141807051,
                "R2": 0.9575329151708987
            }
        },
        "Validation": {
            "Random Forest": {
                "MAE": 0.5336275292244771,
                "RMSE": 0.7222852322445078,
                "R2": 0.5893684414054523
            },
            "DNN": {
                "MAE": 0.2947279635903364,
                "RMSE": 0.44199295430845975,
                "R2": 0.8462321487707082
            }
        },
        "Test": {
            "Random Forest": {
                "MAE": 0.5300869382879204,
                "RMSE": 0.7236532384863663,
                "R2": 0.5869959644841457
            },
            "DNN": {
                "MAE": 0.29970378002251125,
                "RMSE": 0.4640611226296475,
                "R2": 0.8301585660541937
            }
        },
        "All_Data": {
            "Random Forest": {
                "MAE": 0.35044250814350963,
                "RMSE": 0.5033402501573973,
                "R2": 0.8000173575756913
            },
            "DNN": {
                "MAE": 0.20827952745212389,
                "RMSE": 0.3150175484199395,
                "R2": 0.9216681333386649
            }
        }
    },
    "Test_Set_Improvement": {
        "MAE_improvement_percent": 43.46139125961164,
        "RMSE_improvement_percent": 35.87244581392274,
        "R2_difference": 0.243162601570048
    },
    "Comparison_DataFrame": [
        {
            "Dataset": "Training",
            "Model": "Random Forest",
            "MAE": 0.2726904299218687,
            "RMSE": 0.371373398926762,
            "R²": 0.8910410829455817
        },
        {
            "Dataset": "Training",
            "Model": "DNN",
            "MAE": 0.17016232952010263,
            "RMSE": 0.2318492141807051,
            "R²": 0.9575329151708987
        },
        {
            "Dataset": "Validation",
            "Model": "Random Forest",
            "MAE": 0.5336275292244771,
            "RMSE": 0.7222852322445078,
            "R²": 0.5893684414054523
        },
        {
            "Dataset": "Validation",
            "Model": "DNN",
            "MAE": 0.2947279635903364,
            "RMSE": 0.44199295430845975,
            "R²": 0.8462321487707082
        },
        {
            "Dataset": "Test",
            "Model": "Random Forest",
            "MAE": 0.5300869382879204,
            "RMSE": 0.7236532384863663,
            "R²": 0.5869959644841457
        },
        {
            "Dataset": "Test",
            "Model": "DNN",
            "MAE": 0.29970378002251125,
            "RMSE": 0.4640611226296475,
            "R²": 0.8301585660541937
        },
        {
            "Dataset": "All Data",
            "Model": "Random Forest",
            "MAE": 0.35044250814350963,
            "RMSE": 0.5033402501573973,
            "R²": 0.8000173575756913
        },
        {
            "Dataset": "All Data",
            "Model": "DNN",
            "MAE": 0.20827952745212389,
            "RMSE": 0.3150175484199395,
            "R²": 0.9216681333386649
        }
    ]
}