{
  "backend": "tensorflow/keras",
  "n_train": 3630,
  "n_valid": 778,
  "n_test": 779,
  "ridge": {
    "mae": 3.6224308013916016,
    "rmse": 5.620156288146973,
    "r2": 0.7139639854431152
  },
  "dnn": {
    "mae": 2.054267644882202,
    "rmse": 3.1336302757263184,
    "r2": 0.9110759496688843
  }
}