{
  "backend": "sklearn-mlp",
  "n_train": 3630,
  "n_valid": 778,
  "n_test": 779,
  "ridge": {
    "mae": 3.6224377155303955,
    "rmse": 5.620159524845962,
    "r2": 0.7139637470245361
  },
  "dnn": {
    "mae": 2.454479455947876,
    "rmse": 3.560180444323374,
    "r2": 0.8852195739746094
  }
}