{
  "backend": "tensorflow/keras",
  "n_train": 3630,
  "n_valid": 778,
  "n_test": 779,
  "ridge": {
    "mae": 3.622426986694336,
    "rmse": 5.620154603888263,
    "r2": 0.7139642238616943
  },
  "dnn": {
    "mae": 2.161452054977417,
    "rmse": 3.3080092885580044,
    "r2": 0.9009037017822266
  }
}