Model,MAE,MSE,RMSE,R²,Parameters,MAE_Improvement(%),RMSE_Improvement(%)
SimpleRNN,0.6356953125496823,0.8724395240178769,0.9340447120014528,0.9386667808008975,8449,0.0,0.0
LSTM,0.3395494738265946,0.32125405032084275,0.5667927754663451,0.977415574897173,122689,46.58612905847762,39.31845358325164
GRU,0.3935813971492532,0.4051834003418098,0.6365401796758864,0.9715152722625933,93121,38.08647171383804,31.851208887857148
