model,MAE,RMSE,split
Ridge,0.004134357569295803,0.0051480329858325635,random
RandomForest,0.004276886732912555,0.005317037771842756,random
MLP,0.008270987797075274,0.01036268522261481,random
Ridge,0.004065037275156612,0.005055557869304566,time
RandomForest,0.004264913084140245,0.005349504979978316,time
MLP,0.007427146351763391,0.009742283623340167,time
