Feature,Importance
Temperature_C,0.3996417937168913
Pressure_bar,0.3019032422877615
Catalyst_Conc_%,0.1842587203301984
Reaction_Time_hr,0.07799482391894266
Reactant_Ratio,0.0362014197462063
