Model,Train Accuracy,Test Accuracy,Tree Depth,Leaf Nodes,Training Time (s),Overfit Gap
Simple (depth=3),0.705625,0.7175,3,8,0.006001949310302734,-0.01187500000000008
Moderate (depth=5+pruning),0.734375,0.6925,5,26,0.007515907287597656,0.041874999999999996
Full (no limit),1.0,0.61,21,358,0.01151275634765625,0.39
Balanced (class_weight),0.733125,0.705,5,26,0.008514642715454102,0.028125000000000067
