{
  "Training Set": {
    "Unidirectional LSTM": {
      "MAE": 2.62330176678476,
      "RMSE": 3.2293701325612094,
      "R²": 0.8406813432932672
    },
    "Bidirectional LSTM": {
      "MAE": 2.585186190857559,
      "RMSE": 3.2189556326581688,
      "R²": 0.8417072700988736
    },
    "Bidirectional GRU": {
      "MAE": 2.59239930852582,
      "RMSE": 3.236933961568721,
      "R²": 0.8399341571412455
    }
  },
  "Validation Set": {
    "Unidirectional LSTM": {
      "MAE": 2.50542908704056,
      "RMSE": 3.184978039745113,
      "R²": 0.835135146469416
    },
    "Bidirectional LSTM": {
      "MAE": 2.396825255472601,
      "RMSE": 3.1218470016969673,
      "R²": 0.8416061093757958
    },
    "Bidirectional GRU": {
      "MAE": 2.310343144719618,
      "RMSE": 3.171706451610186,
      "R²": 0.8365062452614964
    }
  },
  "Test Set": {
    "Unidirectional LSTM": {
      "MAE": 2.5087021621464594,
      "RMSE": 3.145092394788517,
      "R²": 0.8588595200028728
    },
    "Bidirectional LSTM": {
      "MAE": 2.6484468676466575,
      "RMSE": 3.342280915201038,
      "R²": 0.8406064763995034
    },
    "Bidirectional GRU": {
      "MAE": 2.5806860037026733,
      "RMSE": 3.262720973400705,
      "R²": 0.8481045927651747
    }
  },
  "All Data": {
    "Unidirectional LSTM": {
      "MAE": 2.588429802606389,
      "RMSE": 3.2102243524489738,
      "R²": 0.8436208306390561
    },
    "Bidirectional LSTM": {
      "MAE": 2.566427705718082,
      "RMSE": 3.2234570459343104,
      "R²": 0.8423289691991561
    },
    "Bidirectional GRU": {
      "MAE": 2.54833685606589,
      "RMSE": 3.2311265741124098,
      "R²": 0.8415777874788619
    }
  }
}