Feature,Importance,Std
Pressure,0.36694349593356956,0.06860353430078027
Temperature,0.3584733210043785,0.07713185586839062
Catalyst,0.27458318306205204,0.06010211108678714
