{
  "Training Set": {
    "Unidirectional LSTM": {
      "MAE": 0.6184890697086173,
      "RMSE": 0.7921726936160605,
      "R²": 0.9781523559743003
    },
    "Bidirectional LSTM": {
      "MAE": 0.6794730547743237,
      "RMSE": 0.8275693837184459,
      "R²": 0.9761562968884092
    },
    "Bidirectional GRU": {
      "MAE": 0.7802345403599692,
      "RMSE": 0.943038159704497,
      "R²": 0.9690383991034106
    }
  },
  "Validation Set": {
    "Unidirectional LSTM": {
      "MAE": 0.6942297372399863,
      "RMSE": 0.8600447443909331,
      "R²": 0.972113730328961
    },
    "Bidirectional LSTM": {
      "MAE": 0.7743202862828572,
      "RMSE": 0.9953513993599489,
      "R²": 0.9626490895038531
    },
    "Bidirectional GRU": {
      "MAE": 0.8256657545092267,
      "RMSE": 1.0063834619877445,
      "R²": 0.9618165370568363
    }
  },
  "Test Set": {
    "Unidirectional LSTM": {
      "MAE": 0.6835734278723795,
      "RMSE": 0.8359966092288222,
      "R²": 0.9767418796658613
    },
    "Bidirectional LSTM": {
      "MAE": 0.7406430114047012,
      "RMSE": 0.9021858552460306,
      "R²": 0.9729132057507168
    },
    "Bidirectional GRU": {
      "MAE": 0.8720356814312705,
      "RMSE": 1.0153547211039313,
      "R²": 0.9656915445913609
    }
  },
  "All Data": {
    "Unidirectional LSTM": {
      "MAE": 0.6395936432650354,
      "RMSE": 0.8093346052606438,
      "R²": 0.9771507201877954
    },
    "Bidirectional LSTM": {
      "MAE": 0.7029041440425238,
      "RMSE": 0.8661136998907657,
      "R²": 0.9738322662681208
    },
    "Bidirectional GRU": {
      "MAE": 0.8008082089506702,
      "RMSE": 0.9638829236049717,
      "R²": 0.9675910569104187
    }
  }
}